<meta>
	<info author="Jax + Talidan" description="Parachutes script" version="1.0.1"/>

	<min_mta_version client="1.5.5-9.13846" />

	<script src="utility.lua" type="client"/>
	<script src="parachute.lua"/>
	<script src="parachute_cl.lua" type="client"/>
	<script src="skydiving_cl.lua" type="client"/>
	<script src="openChute.lua" type="client"/>
	<script src="client_anim.lua" type="client"/>
	<file src="parachuteopen.mp3" />

	<export function="removeParachute" type="client"/>
	<export function="stopSkyDiving" type="client"/>

	<export function="isPlayerSkyDiving" type="client"/>
	<export function="isPlayerParachuting" type="client"/>
</meta>
